{
  "hash": "dc9021c7",
  "configHash": "d6dd05e9",
  "lockfileHash": "a21a3768",
  "browserHash": "17434f1b",
  "optimized": {
    "@angular/common": {
      "src": "../../../../../../node_modules/@angular/common/fesm2022/common.mjs",
      "file": "@angular_common.js",
      "fileHash": "b64e391f",
      "needsInterop": false
    },
    "@angular/core": {
      "src": "../../../../../../node_modules/@angular/core/fesm2022/core.mjs",
      "file": "@angular_core.js",
      "fileHash": "76961883",
      "needsInterop": false
    },
    "@angular/forms": {
      "src": "../../../../../../node_modules/@angular/forms/fesm2022/forms.mjs",
      "file": "@angular_forms.js",
      "fileHash": "381098c3",
      "needsInterop": false
    },
    "@angular/platform-browser": {
      "src": "../../../../../../node_modules/@angular/platform-browser/fesm2022/platform-browser.mjs",
      "file": "@angular_platform-browser.js",
      "fileHash": "901b7f0a",
      "needsInterop": false
    }
  },
  "chunks": {
    "chunk-LZKGYMFC": {
      "file": "chunk-LZKGYMFC.js"
    },
    "chunk-D45KHDV3": {
      "file": "chunk-D45KHDV3.js"
    }
  }
}